-4.888918999999999904e-01,-1.364425800000000022e+00
-3.217012000000000205e-01,-1.343963699999999983e+00
-2.299161999999999872e-01,-1.176966699999999921e+00
-1.661847999999999936e-01,-1.297159799999999974e+00
-2.199927999999999884e-01,-1.227849100000000027e+00
-1.537592000000000125e-01,-1.207689000000000012e+00
-6.874919999999999642e-02,-1.114846800000000027e+00
1.281859999999999944e-02,-1.246002199999999949e+00
-3.131210000000000243e-02,-1.176894899999999966e+00
1.391640000000000099e-01,-1.126383700000000099e+00
1.770053000000000043e-01,-9.929139999999999633e-01
1.988488999999999951e-01,-1.088188200000000050e+00
1.583015000000000116e-01,-1.072996000000000061e+00
2.277805999999999997e-01,-1.127571600000000007e+00
2.405035000000000089e-01,-1.035823699999999903e+00
2.406164000000000081e-01,-1.090063900000000086e+00
1.638412999999999953e-01,-1.060598900000000011e+00
2.230251000000000039e-01,-1.098219400000000068e+00
3.069071999999999911e-01,-1.061988799999999955e+00
2.397130000000000094e-01,-1.236233200000000032e+00
9.377040000000000375e-02,-1.282969999999999944e+00
2.349930000000000074e-02,-1.257913000000000059e+00
-5.218249999999999972e-02,-1.112551899999999927e+00
-1.156382999999999994e-01,-1.200120999999999993e+00
-2.990367999999999915e-01,-1.227612900000000007e+00
-4.090308000000000277e-01,-1.174600499999999936e+00
-3.662297999999999942e-01,-1.080233500000000069e+00
-2.971233999999999820e-01,-1.106728699999999899e+00
-4.205469000000000013e-01,-1.035743999999999998e+00
-4.039493000000000111e-01,-8.902607999999999633e-01
-3.635971000000000064e-01,-7.409881999999999858e-01
-3.166667000000000232e-01,-7.980110000000000259e-01
-3.427880999999999845e-01,-7.082325999999999899e-01
-2.917114000000000096e-01,-6.809971000000000219e-01
-1.657117999999999924e-01,-5.825976000000000488e-01
-1.162168999999999980e-01,-6.929302999999999990e-01
-1.319620999999999988e-01,-8.006577000000000277e-01
-1.299409999999999975e-02,-8.978595000000000326e-01
1.126319999999999925e-02,-8.736106000000000149e-01
1.873139999999999875e-02,-1.063514599999999977e+00
-1.496760000000000035e-01,-1.167056899999999953e+00
-8.164349999999999385e-02,-1.179565200000000091e+00
4.711150000000000060e-02,-1.099858000000000002e+00
2.971324000000000187e-01,-1.162531399999999993e+00
3.066080999999999945e-01,-1.281449000000000060e+00
5.046266999999999836e-01,-1.289322700000000044e+00
6.216679000000000510e-01,-1.217700599999999911e+00
7.041106999999999783e-01,-1.356342099999999995e+00
5.658180999999999905e-01,-1.358855700000000111e+00
5.096327000000000496e-01,-1.160738100000000106e+00
5.616297000000000095e-01,-9.389748999999999457e-01
7.233342000000000382e-01,-8.866891999999999552e-01
5.604464000000000112e-01,-8.645169000000000326e-01
5.535801000000000194e-01,-7.749357000000000051e-01
6.424938000000000038e-01,-6.975837999999999761e-01
7.103492999999999613e-01,-7.923959000000000419e-01
6.667838999999999849e-01,-7.931251999999999747e-01
7.549025000000000318e-01,-7.407660000000000355e-01
8.077279000000000542e-01,-6.298753999999999742e-01
8.701980999999999744e-01,-8.154704999999999870e-01
7.351653999999999689e-01,-7.968709999999999960e-01
7.147213000000000038e-01,-7.696939999999999893e-01
7.168269000000000446e-01,-6.794890999999999570e-01
8.805549999999999766e-01,-7.998151999999999484e-01
6.734980000000000411e-01,-8.030903000000000347e-01
6.665725999999999596e-01,-7.113597000000000392e-01
6.866351000000000537e-01,-6.654103000000000101e-01
7.881133999999999640e-01,-7.960203000000000140e-01
5.731443000000000509e-01,-7.774957000000000118e-01
5.113052999999999626e-01,-5.699560999999999655e-01
5.749273000000000300e-01,-4.918504000000000209e-01
7.169335999999999487e-01,-7.608897999999999495e-01
6.528867000000000420e-01,-8.131648000000000209e-01
7.035320999999999936e-01,-7.122045999999999655e-01
6.907294000000000489e-01,-6.765252000000000487e-01
7.360219000000000067e-01,-8.613226000000000493e-01
6.208993000000000428e-01,-8.055381999999999820e-01
6.597543000000000157e-01,-6.868128000000000011e-01
7.836954999999999893e-01,-5.538640999999999703e-01
9.091458000000000039e-01,-6.822643999999999931e-01
7.770184999999999453e-01,-7.011855999999999645e-01
8.838414999999999466e-01,-6.602447000000000177e-01
9.882028000000000478e-01,-6.432084000000000135e-01
1.048520600000000025e+00,-5.873924000000000367e-01
1.005506500000000081e+00,-5.398901000000000394e-01
1.155081000000000024e+00,-4.161835999999999869e-01
1.370091100000000006e+00,-3.251104000000000216e-01
1.570648999999999962e+00,-4.116877999999999926e-01
1.495759599999999967e+00,-4.199830999999999981e-01
1.604375700000000071e+00,-3.312329999999999997e-01
1.754057299999999930e+00,-3.374037999999999760e-01
1.822124000000000077e+00,-4.298393999999999826e-01
1.675451599999999930e+00,-4.428248000000000184e-01
1.681847599999999998e+00,-3.299773999999999763e-01
1.717394800000000110e+00,-2.179909999999999903e-01
1.654355800000000043e+00,-3.239875999999999867e-01
1.423823599999999967e+00,-3.077313999999999883e-01
1.461704600000000021e+00,-2.957136000000000209e-01
1.538742800000000077e+00,-2.893431000000000197e-01
1.634598500000000065e+00,-3.870557000000000025e-01
1.477665500000000076e+00,-3.927171999999999885e-01
1.491831200000000024e+00,-2.823191999999999924e-01
1.585434900000000091e+00,-1.346226000000000089e-01
1.628036500000000109e+00,-2.134551000000000087e-01
1.566374900000000014e+00,-2.076566999999999996e-01
1.633864999999999901e+00,-1.138549999999999979e-01
1.688606899999999911e+00,-2.503729999999999845e-02
1.684807699999999908e+00,-1.797141999999999906e-01
1.523762000000000061e+00,-2.289849999999999941e-01
1.650151799999999946e+00,-1.234876000000000029e-01
1.777946199999999921e+00,-4.362039999999999668e-02
1.823247300000000015e+00,-1.491920999999999942e-01
1.631980900000000068e+00,-1.605815999999999910e-01
1.655132700000000012e+00,-1.217845000000000039e-01
1.726989499999999955e+00,8.785000000000000491e-04
1.745479699999999967e+00,-5.774599999999999872e-02
1.692003600000000052e+00,1.586044000000000065e-01
1.713603100000000046e+00,3.216416000000000275e-01
1.759040500000000007e+00,6.097555999999999532e-01
1.795315599999999900e+00,6.477467999999999559e-01
1.597830700000000048e+00,7.613767000000000174e-01
1.573097600000000096e+00,8.969867000000000257e-01
1.586899999999999977e+00,1.094942199999999977e+00
1.550802900000000095e+00,1.117030900000000049e+00
1.321314000000000100e+00,1.232601000000000058e+00
1.314730900000000036e+00,1.457902400000000043e+00
1.310339499999999990e+00,1.556160800000000011e+00
1.275207800000000002e+00,1.566155900000000045e+00
1.059582500000000094e+00,1.578698200000000051e+00
8.401039000000000145e-01,1.814696199999999982e+00
6.500873000000000346e-01,1.879429299999999969e+00
5.228718999999999451e-01,1.783155899999999905e+00
2.201025000000000065e-01,1.588179199999999902e+00
2.034177000000000068e-01,1.690808400000000100e+00
2.011006999999999934e-01,1.777938599999999925e+00
1.791709999999999969e-01,1.566663700000000103e+00
-5.273130000000000178e-02,1.495141700000000018e+00
-7.847609999999999308e-02,1.694933100000000081e+00
-2.934269999999999934e-02,1.702900800000000103e+00
4.762050000000000310e-02,1.556660300000000108e+00
-9.492470000000000074e-02,1.447253200000000017e+00
4.342139999999999889e-02,1.533965699999999988e+00
1.475955999999999935e-01,1.503738500000000089e+00
1.855411999999999895e-01,1.305052399999999890e+00
3.457450000000000107e-02,1.276523400000000086e+00
6.448080000000000478e-02,1.336078799999999900e+00
-2.889579999999999926e-02,1.536097299999999999e+00
-1.558209999999999873e-01,1.469503999999999921e+00
-4.441056999999999921e-01,1.513700100000000104e+00
-4.955372000000000110e-01,1.622961799999999899e+00
-4.902630000000000043e-01,1.720517000000000074e+00
-5.097852999999999968e-01,1.641140299999999996e+00
-7.811377000000000459e-01,1.660160999999999998e+00
-8.958939000000000208e-01,1.806513199999999930e+00
-9.284191000000000527e-01,2.008929699999999929e+00
-9.058724000000000220e-01,2.022452799999999939e+00
-1.136580700000000110e+00,2.098284000000000038e+00
-1.201758700000000069e+00,2.271364199999999833e+00
-1.254184399999999977e+00,2.372807499999999958e+00
-1.305237100000000039e+00,2.234405800000000220e+00
-1.525643099999999919e+00,2.107944300000000215e+00
-1.569173499999999999e+00,2.137884099999999954e+00
-1.610174299999999947e+00,2.116823699999999864e+00
-1.629560399999999909e+00,1.967068199999999933e+00
-1.862102600000000052e+00,1.846409299999999920e+00
-1.928479700000000019e+00,1.862193500000000057e+00
-1.890689000000000064e+00,1.863921200000000056e+00
-1.793368099999999909e+00,1.669977100000000103e+00
-1.922691900000000009e+00,1.577788500000000038e+00
-1.841947100000000059e+00,1.751784900000000089e+00
-1.649842599999999937e+00,1.865515500000000104e+00
-1.457018300000000099e+00,1.852060400000000051e+00
-1.602567000000000075e+00,1.826722100000000015e+00
-1.527887699999999960e+00,1.875610100000000058e+00
-1.417413400000000046e+00,1.858117699999999983e+00
-1.256731899999999902e+00,1.605145499999999892e+00
-1.343065399999999965e+00,1.481634099999999954e+00
-1.195498200000000066e+00,1.588802300000000001e+00
-1.086736900000000006e+00,1.727350399999999953e+00
-1.018959500000000018e+00,1.579693900000000095e+00
-1.217021799999999931e+00,1.565682100000000077e+00
-1.097028099999999950e+00,1.607626299999999953e+00
-1.077616300000000082e+00,1.651903300000000074e+00
-1.090527800000000047e+00,1.528048899999999932e+00
-1.335656799999999977e+00,1.432474900000000106e+00
-1.403276900000000049e+00,1.478371099999999938e+00
-1.375344200000000017e+00,1.449794500000000097e+00
-1.261189499999999963e+00,1.240307800000000071e+00
-1.386946100000000071e+00,1.077712900000000085e+00
-1.305428899999999892e+00,1.122604300000000110e+00
-1.241829000000000072e+00,1.149154999999999927e+00
-1.294714300000000096e+00,1.042770500000000045e+00
-1.512751699999999921e+00,9.683057000000000469e-01
-1.401823999999999959e+00,9.750600999999999852e-01
-1.421656500000000101e+00,1.060622900000000035e+00
-1.381565699999999897e+00,8.389744000000000090e-01
-1.505178300000000080e+00,7.463589000000000473e-01
-1.385746600000000051e+00,6.688456999999999875e-01
-1.291420000000000012e+00,7.084097999999999784e-01
-1.155628099999999936e+00,5.776778000000000191e-01
-1.200722700000000032e+00,5.089255999999999780e-01
-1.205372899999999969e+00,4.371232999999999924e-01
-1.138627599999999962e+00,4.993567999999999896e-01
-1.051134599999999919e+00,2.649125999999999981e-01
-1.102643700000000004e+00,1.881699000000000011e-01
-1.004043199999999914e+00,1.021193999999999991e-01
-8.930422000000000082e-01,1.692552999999999974e-01
-8.081059999999999910e-01,-4.648630000000000123e-02
-9.457598999999999867e-01,-1.545191999999999954e-01
-8.951991999999999727e-01,-1.389836999999999878e-01
-8.239288000000000167e-01,-2.568729999999999972e-02
-6.416473999999999789e-01,-1.856492999999999893e-01
-8.009460000000000468e-01,-2.068378999999999912e-01
-7.745094999999999619e-01,-2.635860999999999899e-01
-6.782715000000000272e-01,-3.037703999999999960e-01
-6.133081000000000227e-01,-4.769182000000000143e-01
-7.124692000000000247e-01,-6.174397000000000357e-01
-5.915285000000000126e-01,-6.017394000000000354e-01
-4.813819999999999766e-01,-5.900900000000000034e-01
-4.770901000000000169e-01,-7.633803000000000116e-01
-6.180638999999999994e-01,-7.703571000000000168e-01
-5.598090999999999484e-01,-7.161556999999999507e-01
-4.303828000000000098e-01,-6.699507999999999575e-01
-2.718303000000000247e-01,-8.112350999999999868e-01
-3.044121000000000188e-01,-8.395135000000000236e-01
-1.846112000000000031e-01,-7.900139999999999940e-01
-9.755149999999999932e-02,-6.846695999999999893e-01
-1.557170000000000082e-02,-8.323724999999999596e-01
-1.602260000000000073e-01,-8.635456000000000243e-01
-9.415909999999999558e-02,-8.051688999999999652e-01
1.742420000000000080e-02,-7.810580000000000300e-01
1.851298000000000110e-01,-9.147908000000000150e-01
1.692514999999999992e-01,-1.031126399999999999e+00
2.381117000000000095e-01,-1.047011700000000101e+00
3.457439999999999958e-01,-9.476419999999999844e-01
4.611205999999999916e-01,-9.993068999999999980e-01
3.028716000000000186e-01,-8.912080999999999475e-01
3.588080000000000158e-01,-7.863360999999999823e-01
4.488939000000000124e-01,-6.141746999999999623e-01
4.654551000000000105e-01,-6.043551999999999813e-01
3.588204999999999867e-01,-6.262391000000000485e-01
5.261611999999999956e-01,-6.799205000000000387e-01
6.785582000000000003e-01,-6.546142000000000349e-01
8.290321999999999969e-01,-7.459717999999999627e-01
7.506234000000000517e-01,-6.900914000000000215e-01
8.468451000000000173e-01,-6.443109999999999671e-01
8.671687999999999619e-01,-5.189125999999999461e-01
8.922911999999999511e-01,-5.630121999999999627e-01
7.974135999999999447e-01,-4.749335000000000084e-01
9.877008000000000454e-01,-4.170696999999999877e-01
1.109999100000000016e+00,-2.793414000000000175e-01
1.206284600000000040e+00,-3.939171000000000200e-01
1.091130699999999898e+00,-2.934185000000000265e-01
1.140649299999999977e+00,-1.033662999999999943e-01
1.188243600000000066e+00,5.521279999999999938e-02
1.184543300000000077e+00,1.471902999999999961e-01
1.072184699999999991e+00,2.110826000000000091e-01
1.140647900000000048e+00,2.606188999999999867e-01
1.133967500000000017e+00,3.870237999999999734e-01
1.261322599999999960e+00,3.142898000000000081e-01
1.098292400000000058e+00,3.109138000000000179e-01
1.120714699999999953e+00,3.455371999999999888e-01
1.151716100000000020e+00,4.905182000000000153e-01
1.275798100000000046e+00,4.344826999999999995e-01
1.147521999999999931e+00,5.160930000000000240e-01
1.171229599999999982e+00,5.783964999999999801e-01
1.254479099999999958e+00,7.241423000000000165e-01
1.436809100000000061e+00,5.785487999999999742e-01
1.419360200000000072e+00,4.373364000000000140e-01
1.373948900000000028e+00,3.208975000000000022e-01
1.430784199999999950e+00,3.890910000000000202e-01
1.552145000000000108e+00,2.614485999999999755e-01
1.431427400000000016e+00,2.770600999999999758e-01
1.484056499999999890e+00,3.031593000000000204e-01
1.491568800000000028e+00,4.775790999999999786e-01
1.560375800000000091e+00,5.325362999999999625e-01
1.273389899999999963e+00,6.152754999999999752e-01
1.157984899999999984e+00,7.163424000000000458e-01
1.053774400000000000e+00,8.013179999999999747e-01
1.021255900000000105e+00,7.122773999999999495e-01
7.564178000000000290e-01,6.983038999999999774e-01
5.702102000000000004e-01,8.511068000000000522e-01
4.614766000000000146e-01,9.547198000000000073e-01
3.804942000000000046e-01,9.299520000000000008e-01
5.227840000000000265e-02,8.315091999999999484e-01
3.103900000000000148e-03,7.595526999999999695e-01
-5.593669999999999892e-02,8.324335999999999958e-01
-3.386229999999999796e-02,7.403553999999999968e-01
-3.168081999999999843e-01,6.804881999999999875e-01
-4.466996999999999773e-01,6.272619000000000389e-01
-4.529428999999999816e-01,6.629137999999999975e-01
-4.325432000000000166e-01,4.979199000000000264e-01
-6.215829999999999966e-01,4.150227000000000221e-01
-6.844392999999999727e-01,3.810451000000000255e-01
-7.180083000000000437e-01,4.878968000000000194e-01
-7.437905000000000211e-01,2.194786999999999988e-01
-9.923606000000000371e-01,1.693086000000000035e-01
-1.101451900000000039e+00,1.687018000000000129e-01
-1.171461000000000086e+00,2.762742000000000253e-01
-1.210216299999999912e+00,1.512204000000000048e-01
-1.372162000000000104e+00,9.527230000000000421e-02
-1.443261300000000080e+00,1.487547999999999926e-01
-1.352195000000000036e+00,2.637076999999999893e-01
-1.276289900000000088e+00,8.112039999999999529e-02
-1.376965599999999901e+00,7.726230000000000597e-02
-1.354703299999999944e+00,6.062309999999999921e-02
-1.251174599999999915e+00,1.448830000000000118e-01
-1.188047899999999935e+00,1.789850000000000121e-02
-1.274943200000000054e+00,-1.664892000000000039e-01
-1.216399800000000031e+00,-2.388039000000000134e-01
-1.150654199999999960e+00,-1.478035000000000043e-01
-9.918633000000000033e-01,-3.327205999999999775e-01
-1.140725599999999895e+00,-3.881554999999999866e-01
-1.071991300000000091e+00,-4.704633999999999761e-01
-1.029950600000000049e+00,-3.900703999999999838e-01
-9.305668000000000273e-01,-6.048826999999999954e-01
-1.008280599999999971e+00,-6.779551999999999801e-01
-9.304084000000000243e-01,-7.528310000000000279e-01
-7.851432000000000411e-01,-6.183701000000000336e-01
-6.304650000000000531e-01,-7.673440000000000261e-01
-6.620015999999999678e-01,-7.216063000000000338e-01
-4.442554000000000225e-01,-7.877646999999999844e-01
-2.659411999999999887e-01,-6.960220000000000296e-01
-1.192890999999999951e-01,-9.525067000000000395e-01
-1.344011999999999984e-01,-9.402038000000000340e-01
2.118099999999999931e-03,-9.330981999999999887e-01
1.458283999999999969e-01,-8.081855999999999485e-01
2.070162999999999864e-01,-9.512574000000000307e-01
5.505349999999999827e-02,-9.166227999999999598e-01
1.284586000000000061e-01,-9.165486000000000466e-01
2.680775000000000241e-01,-7.480803000000000313e-01
3.851286999999999905e-01,-7.921968000000000343e-01
1.950902999999999943e-01,-7.809498999999999747e-01
1.966206000000000065e-01,-7.485802000000000289e-01
1.876207000000000014e-01,-6.345266999999999991e-01
2.663997000000000170e-01,-6.834405999999999537e-01
1.003893000000000008e-01,-7.173197999999999519e-01
1.188033000000000006e-01,-7.573940000000000117e-01
1.740936999999999901e-01,-6.537074000000000495e-01
2.527065000000000006e-01,-7.898243999999999820e-01
1.569950999999999985e-01,-7.762607999999999731e-01
2.402826999999999880e-01,-7.067001000000000532e-01
3.442889000000000088e-01,-6.624436000000000213e-01
4.225605000000000055e-01,-7.152051999999999854e-01
3.085228999999999888e-01,-7.471562999999999954e-01
2.633102999999999971e-01,-6.589293000000000511e-01
3.331687999999999872e-01,-5.470793000000000461e-01
4.201093000000000188e-01,-6.756615999999999733e-01
2.646459999999999924e-01,-7.347108999999999446e-01
3.345463000000000187e-01,-6.359335999999999878e-01
4.389500000000000068e-01,-5.478189999999999449e-01
5.051050999999999735e-01,-6.467260999999999704e-01
4.381353000000000053e-01,-6.669774000000000536e-01
5.848351999999999995e-01,-5.423191000000000539e-01
7.682757999999999532e-01,-4.271876000000000007e-01
9.805787999999999727e-01,-4.710056000000000243e-01
9.741235000000000310e-01,-3.944827000000000194e-01
1.073770899999999973e+00,-2.980589000000000155e-01
1.240132500000000082e+00,-1.681302000000000074e-01
1.275425999999999949e+00,-2.988583000000000212e-01
1.108929899999999913e+00,-3.025708999999999760e-01
9.782857000000000358e-01,-1.631904000000000132e-01
1.003306899999999890e+00,-1.102999999999999987e-02
1.044003599999999921e+00,-4.929359999999999992e-02
8.130049999999999777e-01,-6.905659999999999576e-02
7.379955000000000265e-01,1.484000000000000076e-03
7.598283999999999594e-01,6.483020000000000449e-02
7.570383000000000528e-01,-9.123370000000000091e-02
5.453510999999999775e-01,-8.371349999999999625e-02
4.778659000000000101e-01,1.301019999999999954e-02
5.895966999999999736e-01,1.080432999999999949e-01
6.430390000000000272e-01,8.859999999999999820e-03
3.220328000000000079e-01,-6.060519999999999796e-02
3.003512999999999877e-01,-1.312770000000000083e-02
2.970833999999999975e-01,6.187349999999999794e-02
3.807401000000000257e-01,-2.154069999999999943e-02
2.887777000000000260e-01,7.966100000000000264e-03
3.858082999999999929e-01,1.490975999999999968e-01
4.634741000000000000e-01,1.826134000000000090e-01
4.370313000000000114e-01,-6.288839999999999708e-02
1.862869000000000053e-01,-2.132497999999999894e-01
1.968058000000000030e-01,-1.924018999999999868e-01
2.112745000000000040e-01,-1.292461000000000026e-01
2.698827999999999783e-01,-1.884033999999999986e-01
9.116660000000000041e-02,-1.501267000000000018e-01
1.325076000000000032e-01,-1.488626000000000116e-01
2.193756000000000039e-01,6.373099999999999599e-03
1.251575000000000049e-01,-1.807040000000000035e-02
-7.951239999999999697e-02,-2.251270000000000007e-02
-9.283070000000000210e-02,-7.997490000000000154e-02
-1.130494999999999972e-01,-3.595000000000000279e-02
-9.601629999999999887e-02,-1.800816000000000083e-01
-2.860038999999999776e-01,-1.598026999999999920e-01
-2.584888000000000186e-01,-8.443689999999999529e-02
-1.881315000000000071e-01,8.215319999999999567e-02
-1.884293999999999969e-01,2.487429999999999850e-02
-2.642453000000000163e-01,1.103570000000000072e-02
-2.473197000000000034e-01,-6.477800000000000225e-02
-1.780993999999999911e-01,3.210110000000000047e-02
-9.155099999999999349e-02,-1.129548999999999970e-01
-2.070124999999999882e-01,-1.727151000000000103e-01
-1.556454999999999922e-01,-1.882175000000000098e-01
-4.141949999999999799e-02,-9.626099999999999934e-02
3.262210000000000110e-02,-2.402885999999999911e-01
-1.460325000000000095e-01,-2.303520000000000012e-01
-3.029369000000000089e-01,-2.102513000000000021e-01
-3.443590000000000262e-01,-7.778129999999999766e-02
-2.095045000000000102e-01,-1.862792000000000059e-01
-3.640801000000000176e-01,-1.090239999999999959e-01
-2.589121999999999812e-01,-1.308119999999999943e-02
-2.178856999999999877e-01,1.525678000000000034e-01
-1.699390000000000067e-01,1.404400000000000093e-01
-2.974800000000000222e-01,2.143676999999999944e-01
-2.015895000000000048e-01,3.730680000000000107e-01
-1.038673999999999986e-01,4.641103999999999785e-01
9.031029999999999613e-02,3.997966000000000020e-01
-7.187620000000000120e-02,3.311630999999999880e-01
-7.334499999999999353e-02,2.585864999999999969e-01
-9.438080000000000080e-02,3.017106999999999983e-01
-2.623499999999999964e-03,2.748574999999999768e-01
-1.868882000000000043e-01,2.383530000000000093e-01
-2.789597999999999800e-01,2.654971999999999888e-01
-3.063383000000000078e-01,2.971938000000000080e-01
-2.549602000000000257e-01,1.734211999999999976e-01
-4.598184000000000160e-01,1.210714999999999986e-01
-5.687896000000000063e-01,9.237760000000000415e-02
-5.707421999999999773e-01,9.667770000000000530e-02
-5.224742999999999471e-01,-9.383339999999999737e-02
-7.098972999999999534e-01,-1.936411000000000104e-01
-6.960197999999999663e-01,-3.093087999999999949e-01
-6.698349999999999582e-01,-2.949243999999999755e-01
-6.125804999999999723e-01,-4.648082000000000047e-01
-6.882572999999999608e-01,-5.185963999999999574e-01
-6.024564999999999504e-01,-6.115696000000000465e-01
-4.866379000000000121e-01,-5.169924000000000186e-01
-3.510988999999999916e-01,-6.079653000000000418e-01
-4.959554999999999936e-01,-6.110913000000000039e-01
-4.401025000000000076e-01,-6.344454000000000482e-01
-3.402938999999999825e-01,-5.248023000000000549e-01
-1.716737000000000124e-01,-6.803898000000000446e-01
-2.907642999999999756e-01,-6.842063999999999924e-01
-2.717080000000000051e-01,-7.620854999999999713e-01
-2.043045000000000000e-01,-6.934751999999999583e-01
-6.740799999999999570e-02,-7.937492999999999910e-01
-2.746574999999999989e-01,-8.373106999999999633e-01
-3.282642000000000060e-01,-8.810980000000000478e-01
-3.690411000000000108e-01,-7.795087000000000543e-01
-2.931076000000000237e-01,-9.007338999999999762e-01
-3.860522000000000120e-01,-9.006579999999999586e-01
-3.244575000000000098e-01,-9.291123999999999494e-01
-1.746118000000000114e-01,-8.692575000000000163e-01
-2.817530000000000034e-02,-1.055947100000000027e+00
-1.729668000000000039e-01,-1.098552200000000090e+00
-1.431274999999999908e-01,-1.225106800000000051e+00
-1.225606999999999946e-01,-1.153124000000000038e+00
-1.416301000000000088e-01,-1.312277399999999927e+00
-3.292255000000000043e-01,-1.257594799999999902e+00
-1.898855999999999877e-01,-1.280977100000000091e+00
-3.433630000000000015e-02,-1.201406699999999939e+00
1.702336999999999878e-01,-1.466448200000000091e+00
1.145966999999999958e-01,-1.444507100000000044e+00
2.059970000000000134e-01,-1.576994100000000065e+00
2.249356000000000133e-01,-1.460490199999999961e+00
3.154854999999999743e-01,-1.606606200000000095e+00
1.495343000000000089e-01,-1.494137899999999908e+00
2.196841999999999961e-01,-1.454981999999999998e+00
3.798306000000000182e-01,-1.299068899999999971e+00
5.871874999999999734e-01,-1.412171199999999960e+00
5.780440999999999496e-01,-1.379958699999999983e+00
6.406825999999999910e-01,-1.485254999999999992e+00
7.082572999999999785e-01,-1.406696799999999969e+00
8.377782000000000284e-01,-1.630703800000000037e+00
7.264389999999999459e-01,-1.532868499999999967e+00
7.889142999999999573e-01,-1.542081000000000035e+00
8.571280999999999484e-01,-1.431376500000000052e+00
9.154984000000000455e-01,-1.675862100000000021e+00
7.993305000000000549e-01,-1.619259599999999910e+00
7.975012999999999685e-01,-1.606799199999999983e+00
8.043403000000000080e-01,-1.466465499999999977e+00
7.818614000000000397e-01,-1.597822999999999993e+00
5.876221000000000361e-01,-1.486408399999999963e+00
5.331053999999999515e-01,-1.461612200000000028e+00
5.975251999999999786e-01,-1.273214300000000021e+00
7.355817999999999524e-01,-1.415990599999999988e+00
7.312123999999999846e-01,-1.352881999999999918e+00
8.597614999999999563e-01,-1.390153399999999984e+00
1.041444999999999954e+00,-1.226275800000000027e+00
1.145680899999999891e+00,-1.343487600000000004e+00
1.060905900000000068e+00,-1.287862899999999922e+00
1.059905300000000050e+00,-1.327472800000000008e+00
1.141874899999999915e+00,-1.240094699999999994e+00
1.284658099999999914e+00,-1.468353599999999926e+00
1.163717700000000077e+00,-1.397647599999999990e+00
1.255632300000000035e+00,-1.376570800000000094e+00
1.377423400000000075e+00,-1.215227499999999905e+00
1.445558099999999957e+00,-1.331833999999999962e+00
1.343073699999999926e+00,-1.238202000000000025e+00
1.444312899999999900e+00,-1.266348699999999994e+00
1.613993199999999906e+00,-1.050159599999999971e+00
1.814940100000000056e+00,-1.086331799999999959e+00
1.846706600000000087e+00,-1.016093700000000100e+00
1.940008200000000071e+00,-9.879955999999999738e-01
1.974950200000000100e+00,-7.464484000000000119e-01
2.161678799999999789e+00,-7.534986999999999657e-01
2.062138099999999863e+00,-6.389065000000000438e-01
2.013024999999999842e+00,-4.881828999999999752e-01
2.118942000000000103e+00,-3.339005999999999919e-01
2.331845500000000015e+00,-4.841387999999999803e-01
2.133665800000000168e+00,-5.032474000000000114e-01
2.046044800000000219e+00,-4.240073999999999788e-01
1.962910799999999956e+00,-3.226838000000000206e-01
2.011381399999999875e+00,-3.973237000000000019e-01
1.758629699999999962e+00,-3.262850999999999946e-01
1.723957299999999915e+00,-3.035015999999999825e-01
1.755749100000000062e+00,-1.197904000000000052e-01
1.941562199999999905e+00,-2.489125000000000087e-01
1.744007700000000050e+00,-2.171895000000000076e-01
1.678218500000000057e+00,-2.081686000000000092e-01
1.551549400000000078e+00,-1.165595999999999993e-01
1.542881399999999958e+00,-2.697881999999999780e-01
1.309764300000000103e+00,-2.067441999999999891e-01
1.237853099999999928e+00,-1.375634000000000023e-01
1.250175000000000036e+00,-6.016399999999999873e-03
1.306736099999999956e+00,-8.506569999999999410e-02
1.095158700000000040e+00,-8.618829999999999547e-02
1.003225899999999893e+00,-1.026756000000000058e-01
1.011257400000000084e+00,-1.459900000000000087e-02
1.096614800000000001e+00,-1.209786000000000056e-01
8.645612999999999770e-01,-1.151926000000000061e-01
7.810833000000000359e-01,-1.778907000000000127e-01
6.678089000000000386e-01,-1.059442000000000023e-01
6.735575999999999786e-01,-2.907806000000000002e-01
4.993879999999999986e-01,-2.634933999999999887e-01
5.528545000000000265e-01,-3.368940000000000268e-01
5.797326999999999897e-01,-2.440703999999999929e-01
5.672494999999999621e-01,-2.364756000000000080e-01
2.868032999999999832e-01,-1.629662000000000055e-01
1.858761999999999914e-01,-1.074771999999999950e-01
1.670939999999999925e-01,3.954599999999999782e-02
2.283351000000000131e-01,-1.371419000000000110e-01
1.283274000000000081e-01,-1.863674999999999915e-01
1.226601999999999970e-01,-1.957530000000000103e-01
2.072417000000000009e-01,-1.268293000000000059e-01
2.482526999999999928e-01,-2.272301999999999933e-01
1.483679999999999999e-01,-2.397077999999999987e-01
6.689259999999999651e-02,-2.308841000000000088e-01
2.100319999999999965e-02,-9.650000000000000244e-02
1.172100999999999976e-01,-1.690481000000000067e-01
-4.785000000000000191e-03,-1.348641999999999896e-01
6.841220000000000634e-02,-2.967420000000000127e-02
1.692771000000000137e-01,1.799521000000000037e-01
2.740735999999999728e-01,8.541749999999999343e-02
1.616992999999999903e-01,8.411530000000000395e-02
1.486654000000000031e-01,2.028780000000000167e-02
1.230494000000000032e-01,1.730653000000000052e-01
1.463961000000000012e-01,1.159629999999999966e-01
6.910399999999999876e-02,1.611209999999999865e-01
1.762818999999999914e-01,2.270567000000000002e-01
2.943070999999999882e-01,4.151939000000000046e-01
4.417033000000000209e-01,5.173256000000000521e-01
3.659356000000000275e-01,5.885534999999999517e-01
2.468682000000000099e-01,6.767269000000000201e-01
2.482661999999999924e-01,7.885010999999999548e-01
3.271697000000000077e-01,7.816665000000000418e-01
2.034725000000000006e-01,8.339054000000000189e-01
1.325589000000000073e-01,8.629248999999999947e-01
2.030486999999999986e-01,9.276145999999999558e-01
2.811786000000000008e-01,8.066349999999999909e-01
1.245494999999999935e-01,8.337721999999999634e-01
1.267311000000000132e-01,7.637099000000000526e-01
1.307891999999999944e-01,9.203426999999999580e-01
1.386188999999999893e-01,9.519284000000000079e-01
-1.904199999999999990e-02,9.752336000000000338e-01
-1.027620000000000061e-01,8.897253999999999996e-01
-4.762079999999999785e-02,8.212488000000000010e-01
1.780800000000000091e-02,5.667702999999999491e-01
-5.730880000000000002e-02,4.268849000000000116e-01
-1.216663000000000050e-01,3.448076999999999948e-01
-9.420820000000000582e-02,3.771497999999999795e-01
-7.703039999999999887e-02,1.166494000000000003e-01
-1.744962999999999931e-01,1.737019999999999884e-02
-2.227880999999999889e-01,-9.267630000000000312e-02
-1.527789999999999981e-01,-1.532224000000000086e-01
-9.834420000000000661e-02,-4.442254999999999954e-01
-2.519082000000000265e-01,-5.924616999999999800e-01
-4.069349999999999912e-01,-6.486986999999999615e-01
-3.835392000000000245e-01,-6.180546000000000095e-01
-2.224113000000000062e-01,-8.004390999999999590e-01
-3.784276999999999780e-01,-8.807490000000000041e-01
-3.676476000000000188e-01,-1.027679100000000068e+00
-3.160963999999999996e-01,-1.073620599999999925e+00
-2.250773000000000079e-01,-1.299382700000000002e+00
-3.557841999999999949e-01,-1.489096600000000103e+00
-3.737598999999999783e-01,-1.461050299999999913e+00
-2.875170000000000226e-01,-1.410738899999999907e+00
-7.935150000000000536e-02,-1.514390499999999973e+00
-1.787835000000000119e-01,-1.524253599999999986e+00
-2.361305999999999961e-01,-1.566611600000000104e+00
-1.729652000000000134e-01,-1.556936899999999957e+00
-5.200020000000000336e-02,-1.733786499999999897e+00
-1.463401000000000007e-01,-1.787275200000000064e+00
-2.049449999999999883e-02,-1.805867799999999912e+00
1.311375999999999931e-01,-1.809692099999999915e+00
2.697363999999999873e-01,-1.897054000000000018e+00
1.325464000000000087e-01,-1.883727699999999894e+00
-6.417040000000000244e-02,-1.825676099999999913e+00
7.799159999999999426e-02,-1.711543800000000060e+00
2.520177000000000112e-01,-1.857598800000000105e+00
3.107806000000000179e-01,-1.825822800000000079e+00
4.101857999999999893e-01,-1.796630600000000078e+00
6.063064000000000231e-01,-1.700210900000000080e+00
7.104186000000000112e-01,-1.722981300000000049e+00
5.851598000000000077e-01,-1.671000400000000052e+00
5.253295000000000048e-01,-1.761954500000000090e+00
6.329000999999999655e-01,-1.727378599999999986e+00
7.485694999999999988e-01,-1.887397599999999898e+00
6.117875000000000396e-01,-1.941651800000000039e+00
5.508073999999999470e-01,-1.958507999999999916e+00
6.686935000000000517e-01,-1.899367999999999945e+00
8.544724000000000208e-01,-1.899907699999999977e+00
7.736260000000000359e-01,-1.797876999999999947e+00
7.636266999999999916e-01,-1.618839399999999928e+00
9.055771000000000237e-01,-1.460421799999999992e+00
1.070390799999999976e+00,-1.462059100000000056e+00
1.030465799999999987e+00,-1.378766299999999889e+00
1.206440200000000074e+00,-1.263770199999999955e+00
1.405309099999999978e+00,-1.054957200000000039e+00
1.646989000000000036e+00,-9.507056000000000395e-01
1.655754600000000076e+00,-7.790572999999999526e-01
1.760382300000000066e+00,-6.017339999999999911e-01
1.908083699999999938e+00,-5.227469000000000143e-01
2.001743999999999968e+00,-6.885820999999999747e-01
1.918442500000000051e+00,-6.420293000000000250e-01
1.966674199999999928e+00,-6.149474000000000329e-01
2.051904400000000184e+00,-5.520678999999999448e-01
2.128631100000000220e+00,-5.984720999999999513e-01
1.928625100000000092e+00,-6.294191000000000091e-01
1.901231399999999905e+00,-6.650118999999999891e-01
1.900444900000000104e+00,-5.934190000000000298e-01
1.974883699999999909e+00,-6.769347999999999477e-01
1.845672200000000096e+00,-5.537379999999999525e-01
1.875022500000000036e+00,-6.213140000000000329e-01
1.956914100000000101e+00,-5.094805999999999502e-01
2.054613600000000151e+00,-6.453377999999999615e-01
1.996860700000000044e+00,-6.757944000000000173e-01
1.979129899999999997e+00,-8.134633999999999476e-01
2.022795400000000132e+00,-7.530546000000000184e-01
2.150504399999999983e+00,-7.267086999999999852e-01
2.011550900000000031e+00,-6.358378999999999559e-01
2.015399700000000127e+00,-4.716901000000000010e-01
2.050637200000000160e+00,-3.101058999999999899e-01
2.175992299999999879e+00,-4.172375999999999863e-01
1.992131899999999955e+00,-3.317270999999999970e-01
2.040168500000000051e+00,-2.262878000000000112e-01
2.132867599999999975e+00,-2.179180000000000006e-02
2.243734599999999801e+00,-8.912119999999999764e-02
2.080488700000000080e+00,-2.263619999999999868e-02
2.059037399999999796e+00,8.306199999999999695e-03
2.053093000000000057e+00,7.293819999999999470e-02
2.077932399999999902e+00,-6.236420000000000158e-02
1.805828800000000012e+00,-3.063110000000000138e-02
1.665484799999999987e+00,1.210415999999999992e-01
1.614261900000000027e+00,2.480906999999999973e-01
1.568860300000000096e+00,1.311684999999999934e-01
1.212629399999999968e+00,1.782158000000000075e-01
1.043686600000000020e+00,2.952081999999999762e-01
8.942592000000000318e-01,4.917367000000000266e-01
7.803217000000000070e-01,4.424383000000000066e-01
5.061227999999999838e-01,5.692125000000000101e-01
4.781945000000000223e-01,6.881821000000000188e-01
4.899071999999999871e-01,8.181857000000000157e-01
6.046557999999999655e-01,6.615461000000000258e-01
4.556675000000000031e-01,6.269837999999999800e-01
4.853353000000000250e-01,6.291153999999999913e-01
5.499412000000000189e-01,7.094116999999999784e-01
6.343079000000000356e-01,4.641715000000000146e-01
4.752755000000000174e-01,3.395175999999999750e-01
3.817628000000000132e-01,3.424234999999999918e-01
4.285799000000000136e-01,4.200628000000000140e-01
4.983982000000000134e-01,3.737833999999999879e-01
3.949842000000000075e-01,3.602385000000000170e-01
3.550350999999999924e-01,4.642456999999999834e-01
3.943127000000000160e-01,6.116768999999999679e-01
4.669773999999999869e-01,4.702605000000000257e-01
3.393862999999999741e-01,3.731579999999999897e-01
2.974631999999999832e-01,4.284273000000000109e-01
4.146039000000000252e-01,4.823691999999999980e-01
5.675740999999999703e-01,4.267521000000000231e-01
4.512225999999999737e-01,4.289204999999999823e-01
4.313143999999999867e-01,3.421442000000000094e-01
4.521643000000000190e-01,2.969126000000000265e-01
4.551885999999999988e-01,1.171153000000000055e-01
2.428472000000000131e-01,6.835309999999999997e-02
1.806079999999999908e-01,2.275229999999999961e-02
1.823896000000000128e-01,8.652680000000000093e-02
1.975838000000000039e-01,-1.348700000000000072e-02
9.499440000000000661e-02,-4.126019999999999688e-02
1.915410000000000029e-02,-6.782140000000000390e-02
2.154920000000000099e-02,-2.084949999999999998e-02
1.034662999999999972e-01,-1.260046999999999973e-01
-1.464764000000000066e-01,-8.921339999999999826e-02
-3.594525000000000081e-01,-1.004561999999999955e-01
-3.321340999999999877e-01,-4.288519999999999832e-02
-1.569543999999999939e-01,-1.582399999999999918e-01
-2.957814999999999750e-01,-1.915940999999999894e-01
-2.913491999999999749e-01,-1.606150000000000078e-01
-2.043030999999999875e-01,-1.001068999999999987e-01
-1.852624999999999966e-01,-2.299707000000000001e-01
-4.084417000000000186e-01,-2.678217999999999988e-01
-4.274372000000000171e-01,-2.020313999999999999e-01
-3.802467999999999959e-01,-2.085679000000000005e-01
-2.913703000000000265e-01,-4.191473000000000004e-01
-4.828277999999999737e-01,-4.922748000000000124e-01
-5.193356999999999557e-01,-4.097142999999999757e-01
-4.503551000000000082e-01,-3.461271000000000209e-01
-3.539857000000000142e-01,-4.830062999999999995e-01
-4.809847999999999901e-01,-5.282012999999999847e-01
-4.672465000000000090e-01,-5.947318999999999800e-01
-3.865299999999999847e-01,-5.207593000000000361e-01
-2.849419999999999731e-01,-7.235076999999999758e-01
-4.514917999999999987e-01,-7.244821999999999651e-01
-4.453151000000000193e-01,-7.250659999999999883e-01
-4.445119000000000153e-01,-6.023104999999999709e-01
-2.552274999999999960e-01,-6.681698999999999833e-01
-4.429258999999999835e-01,-6.526216999999999713e-01
-4.975559999999999983e-01,-6.611920999999999493e-01
-5.214663000000000492e-01,-5.188924999999999788e-01
-5.310827000000000186e-01,-6.061400999999999595e-01
-7.218624000000000152e-01,-5.675078999999999541e-01
-7.529755000000000198e-01,-4.868258999999999781e-01
-6.973217000000000443e-01,-3.791717000000000004e-01
-6.295121999999999662e-01,-4.831346000000000251e-01
-8.535823999999999634e-01,-4.428063999999999889e-01
-9.323282000000000513e-01,-4.645089000000000024e-01
-9.463713999999999738e-01,-4.381155999999999939e-01
-9.839078999999999464e-01,-6.382018999999999886e-01
-1.194495199999999979e+00,-6.471242999999999856e-01
-1.279264299999999910e+00,-5.445969000000000504e-01
-1.162321299999999891e+00,-4.362075000000000258e-01
-8.838968000000000380e-01,-6.624577999999999856e-01
-1.042555499999999968e+00,-6.930874999999999675e-01
-1.123369800000000085e+00,-7.236987000000000281e-01
-1.035626200000000052e+00,-6.015658000000000394e-01
-9.262150999999999579e-01,-8.181374999999999620e-01
-1.010921500000000028e+00,-7.942072999999999494e-01
-1.086292000000000035e+00,-7.877435999999999883e-01
-1.000296700000000039e+00,-7.017347000000000445e-01
-8.454544999999999977e-01,-9.027804999999999858e-01
-8.844952999999999843e-01,-9.807183000000000428e-01
-9.063657999999999992e-01,-1.079539699999999991e+00
-8.434639000000000442e-01,-1.097888100000000033e+00
-7.822432000000000274e-01,-1.342294300000000051e+00
-9.837814000000000281e-01,-1.342525500000000038e+00
-9.989867000000000052e-01,-1.363884099999999933e+00
-8.690326999999999913e-01,-1.232447400000000082e+00
-7.513172999999999657e-01,-1.361875299999999900e+00
-8.233544999999999892e-01,-1.315722000000000058e+00
-6.937586000000000030e-01,-1.338321000000000094e+00
-5.390791000000000333e-01,-1.169321800000000078e+00
-3.330430999999999808e-01,-1.267550600000000083e+00
-2.785848000000000213e-01,-1.164962300000000006e+00
-6.436200000000000428e-03,-1.196424099999999990e+00
2.121457999999999955e-01,-1.072975400000000024e+00
4.113483000000000001e-01,-1.250564800000000032e+00
3.754782999999999871e-01,-1.192510799999999982e+00
4.079780000000000073e-01,-1.106926099999999913e+00
4.972350999999999854e-01,-9.378756999999999788e-01
5.875719000000000358e-01,-1.042586299999999966e+00
5.235579999999999679e-01,-1.009989999999999943e+00
6.092748999999999526e-01,-1.001398100000000069e+00
7.403292999999999680e-01,-9.038834999999999509e-01
8.516204000000000551e-01,-9.741560000000000219e-01
6.293638000000000288e-01,-9.231732999999999745e-01
5.849406000000000327e-01,-8.916878000000000304e-01
6.254283000000000481e-01,-7.405665000000000164e-01
6.802854000000000401e-01,-9.054623000000000532e-01
4.776192000000000215e-01,-9.549366000000000243e-01
4.458107000000000042e-01,-9.353177000000000296e-01
5.689410999999999774e-01,-8.140557000000000487e-01
6.776484000000000396e-01,-8.145099000000000089e-01
5.062558999999999809e-01,-7.832166999999999879e-01
4.729396000000000155e-01,-6.731226999999999627e-01
4.769663000000000097e-01,-5.457313000000000303e-01
6.246937999999999658e-01,-6.028539000000000536e-01
4.432671000000000250e-01,-6.101334999999999953e-01
5.295824000000000087e-01,-5.646210999999999869e-01
6.077772000000000174e-01,-4.167868000000000128e-01
6.162385000000000224e-01,-3.855579000000000089e-01
4.241958000000000117e-01,-3.944063999999999903e-01
4.412872999999999934e-01,-2.874490000000000101e-01
4.989703999999999806e-01,-1.815452999999999928e-01
6.258367999999999709e-01,-3.151407999999999987e-01
4.700083999999999929e-01,-2.577730999999999772e-01
5.933410000000000073e-01,-3.071278000000000064e-01
6.988921000000000161e-01,-2.050733999999999890e-01
8.465536000000000172e-01,-3.686891999999999947e-01
6.088236999999999677e-01,-3.622625999999999902e-01
5.874319000000000068e-01,-3.214789000000000119e-01
6.431582999999999606e-01,-1.622403000000000040e-01
7.365897999999999612e-01,-2.950517999999999752e-01
5.169350000000000334e-01,-2.157880000000000076e-01
4.642651999999999890e-01,-1.150489999999999985e-01
5.888027999999999595e-01,-2.221040000000000167e-02
7.377993000000000468e-01,-1.752798999999999885e-01
6.332695000000000407e-01,-2.181684999999999874e-01
7.493583999999999801e-01,-2.726173000000000068e-01
7.716661999999999688e-01,-2.172098000000000084e-01
7.489344999999999475e-01,-3.094360999999999917e-01
4.904353000000000184e-01,-3.031665000000000054e-01
5.495780000000000109e-01,-2.905371999999999955e-01
6.635868999999999795e-01,-1.186451000000000033e-01
7.861032999999999493e-01,-1.513740000000000085e-01
7.351722000000000534e-01,-7.305390000000000494e-02
8.187383999999999773e-01,7.938900000000000123e-02
9.061306000000000083e-01,2.802795000000000147e-01
1.020264899999999919e+00,1.188606999999999997e-01
8.379982999999999738e-01,1.732181999999999888e-01
8.554800000000000182e-01,3.579340999999999773e-01
9.445384000000000002e-01,4.893419999999999992e-01
9.715129000000000126e-01,2.892680999999999725e-01
8.004725000000000312e-01,3.113232000000000221e-01
8.574521000000000504e-01,4.112808000000000019e-01
8.991622000000000225e-01,5.948423000000000460e-01
9.399952000000000307e-01,6.056945999999999719e-01
7.651898999999999784e-01,6.494967000000000379e-01
7.598837999999999981e-01,7.720101000000000324e-01
8.445607000000000530e-01,8.874279999999999946e-01
9.958533999999999997e-01,8.099509999999999765e-01
8.512594999999999468e-01,8.918800000000000061e-01
8.368364999999999831e-01,9.678997000000000295e-01
9.063556000000000390e-01,1.021176000000000084e+00
9.599961000000000189e-01,9.130369000000000401e-01
7.945174999999999876e-01,9.395516000000000423e-01
6.740127000000000201e-01,1.084556700000000040e+00
6.648146999999999807e-01,1.076202000000000103e+00
7.369868000000000530e-01,8.679499999999999993e-01
5.169470000000000454e-01,8.285342999999999458e-01
4.537753999999999954e-01,9.797141000000000322e-01
5.765607000000000371e-01,1.178351900000000008e+00
7.196540000000000159e-01,1.138487299999999980e+00
6.050480999999999776e-01,1.214925800000000056e+00
4.492713999999999874e-01,1.207647799999999938e+00
4.911886999999999781e-01,1.331559200000000054e+00
6.153286999999999507e-01,1.281408700000000067e+00
5.513405999999999585e-01,1.312516699999999981e+00
4.909119000000000121e-01,1.451413499999999912e+00
5.634405999999999581e-01,1.533959400000000084e+00
7.033555000000000224e-01,1.310172300000000067e+00
5.592051999999999579e-01,1.310251400000000066e+00
5.263706999999999692e-01,1.333091599999999932e+00
5.642846000000000251e-01,1.376024200000000031e+00
6.767225999999999519e-01,1.282457200000000075e+00
5.483023000000000202e-01,1.282960099999999937e+00
5.681688999999999767e-01,1.363326400000000049e+00
6.529930000000000456e-01,1.435715400000000086e+00
7.688585000000000003e-01,1.257710300000000059e+00
6.822224000000000066e-01,1.270530900000000019e+00
7.263530999999999738e-01,1.328510999999999997e+00
8.550250999999999824e-01,1.404720900000000050e+00
1.007388900000000032e+00,1.338497400000000059e+00
8.932626000000000177e-01,1.377950299999999961e+00
8.447508999999999713e-01,1.416965800000000053e+00
8.903210999999999764e-01,1.483248600000000028e+00
1.034244100000000000e+00,1.319798000000000027e+00
9.309513999999999845e-01,1.367630600000000030e+00
9.211146999999999530e-01,1.392884400000000023e+00
9.746890000000000276e-01,1.478804599999999914e+00
1.153077200000000024e+00,1.282862900000000028e+00
9.896380999999999650e-01,1.316791199999999940e+00
1.062937699999999985e+00,1.322299499999999961e+00
1.167976399999999915e+00,1.344919900000000057e+00
1.294766300000000037e+00,1.316693899999999973e+00
1.225930500000000034e+00,1.346004999999999896e+00
1.328154599999999963e+00,1.303382899999999900e+00
1.434144099999999922e+00,1.363771300000000020e+00
1.470518500000000062e+00,1.256359800000000027e+00
1.272727100000000000e+00,1.239332799999999901e+00
1.288986299999999918e+00,1.220634500000000067e+00
1.335161100000000101e+00,1.312978500000000048e+00
1.486967399999999939e+00,1.243746000000000018e+00
1.297474100000000075e+00,1.322361399999999909e+00
1.332520699999999891e+00,1.485236900000000082e+00
1.361675500000000039e+00,1.629439099999999918e+00
1.455134699999999892e+00,1.623587300000000067e+00
1.265746500000000108e+00,1.689012100000000016e+00
1.170123699999999989e+00,1.744752899999999940e+00
1.202779400000000054e+00,1.853432299999999922e+00
1.207719800000000010e+00,1.719197800000000109e+00
1.023913400000000085e+00,1.745072200000000073e+00
9.607613999999999876e-01,1.575968000000000035e+00
1.034661999999999971e+00,1.639317499999999983e+00
1.078687100000000010e+00,1.612148300000000090e+00
1.002196000000000087e+00,1.588643299999999980e+00
9.855568999999999580e-01,1.557954700000000026e+00
1.075315699999999985e+00,1.657810299999999959e+00
1.143383599999999944e+00,1.651114299999999924e+00
9.941594000000000264e-01,1.551215999999999928e+00
9.395461000000000507e-01,1.326301799999999975e+00
9.637031999999999821e-01,1.332278800000000096e+00
1.054770800000000008e+00,1.187422800000000001e+00
8.160789999999999988e-01,1.156575099999999967e+00
8.239220999999999906e-01,1.135322299999999895e+00
8.358280999999999628e-01,1.193121799999999899e+00
8.331950999999999663e-01,1.032777700000000021e+00
6.364062000000000330e-01,9.525776999999999717e-01
4.870822000000000207e-01,8.516901999999999529e-01
4.989021000000000150e-01,9.155353999999999992e-01
4.665472999999999981e-01,7.689951999999999899e-01
3.067073000000000160e-01,7.016504000000000074e-01
2.471839000000000119e-01,6.828942000000000068e-01
2.743264999999999731e-01,7.203431000000000139e-01
2.792781999999999765e-01,5.662357999999999558e-01
7.256229999999999625e-02,4.705516000000000143e-01
-8.133350000000000302e-02,3.790712999999999999e-01
-9.452520000000000366e-02,3.772072000000000203e-01
-4.810919999999999780e-02,2.304921000000000053e-01
-3.370283000000000029e-01,1.595128000000000101e-01
-5.537695000000000256e-01,1.152481000000000061e-01
-5.659094000000000069e-01,1.415530000000000121e-01
-5.070651000000000463e-01,-3.092040000000000066e-02
-6.362229000000000356e-01,8.374500000000000000e-03
-5.836059000000000108e-01,7.477019999999999500e-02
-4.363505999999999774e-01,1.264656000000000113e-01
-2.447769999999999946e-01,8.616600000000000648e-02
-3.027672000000000141e-01,1.237748000000000043e-01
-1.702451000000000103e-01,1.110712999999999978e-01
5.982200000000000017e-03,1.768039000000000138e-01
2.007078999999999946e-01,1.916280000000000067e-02
1.537898000000000043e-01,-8.663210000000000355e-02
1.983379999999999865e-01,-2.311985000000000012e-01
3.185438999999999909e-01,-2.295573999999999948e-01
2.667777000000000065e-01,-4.717320999999999875e-01
3.426909999999999679e-02,-6.023498000000000463e-01
-3.443960000000000077e-02,-5.342514000000000429e-01
-1.151830000000000041e-02,-4.946537999999999768e-01
6.219399999999999928e-03,-6.609831000000000456e-01
-1.449346999999999996e-01,-6.897539000000000309e-01
-1.765993999999999897e-01,-6.520314000000000387e-01
-1.357653000000000054e-01,-5.218401000000000289e-01
-1.004850000000000049e-01,-6.456524000000000152e-01
-3.481402000000000108e-01,-6.848075000000000134e-01
-4.232035000000000102e-01,-6.006603000000000359e-01
-5.705725999999999853e-01,-5.046975999999999685e-01
-5.447062999999999766e-01,-6.714946999999999999e-01
-7.499479999999999480e-01,-6.784455000000000346e-01
-8.575648999999999633e-01,-6.751576000000000244e-01
-7.864891000000000520e-01,-6.358481999999999745e-01
-6.558948999999999474e-01,-7.337029999999999941e-01
-8.061599999999999877e-01,-8.200167000000000428e-01
-8.476607000000000447e-01,-8.738848000000000171e-01
-6.939948000000000228e-01,-6.545488000000000417e-01
-5.190987000000000240e-01,-7.198328000000000504e-01
-6.289284000000000541e-01,-6.115283000000000246e-01
-7.344850000000000545e-01,-5.691593999999999820e-01
-6.424826999999999622e-01,-3.998916000000000137e-01
-5.963484999999999481e-01,-5.177007000000000136e-01
-6.076424000000000269e-01,-5.058626999999999985e-01
-5.194723999999999453e-01,-5.170158999999999727e-01
-2.724101999999999912e-01,-4.938082999999999778e-01
-7.808800000000000463e-02,-7.515385999999999456e-01
-4.396570000000000339e-02,-7.545370000000000132e-01
5.641140000000000043e-02,-7.460698000000000052e-01
3.023463000000000123e-01,-6.248641999999999808e-01
5.190713000000000132e-01,-8.178368999999999778e-01
4.691802999999999946e-01,-8.218590999999999536e-01
4.928579000000000154e-01,-8.301872000000000140e-01
6.495604000000000378e-01,-7.802774000000000099e-01
7.905119999999999925e-01,-8.975973999999999897e-01
6.393134000000000317e-01,-9.200553000000000203e-01
6.106755999999999851e-01,-1.020461599999999969e+00
6.782502999999999727e-01,-9.532547000000000104e-01
7.913409999999999611e-01,-1.123722399999999899e+00
7.683972999999999498e-01,-1.109991600000000078e+00
8.445930000000000382e-01,-1.102879900000000024e+00
1.009881900000000110e+00,-9.670033999999999574e-01
1.234352399999999905e+00,-1.188878300000000054e+00
1.189684299999999917e+00,-1.126476299999999986e+00
1.338697599999999932e+00,-1.097453699999999976e+00
1.436727199999999982e+00,-9.743471000000000215e-01
1.600453399999999915e+00,-1.010140700000000002e+00
1.426619099999999918e+00,-9.338982999999999590e-01
1.355366800000000094e+00,-7.832438999999999929e-01
1.370492800000000067e+00,-6.424195999999999795e-01
1.502102499999999896e+00,-7.628943999999999726e-01
1.293425199999999942e+00,-7.470523999999999498e-01
1.183506799999999970e+00,-7.250043999999999933e-01
1.211458200000000041e+00,-5.625978000000000367e-01
1.290266300000000088e+00,-5.605947000000000013e-01
1.143360099999999990e+00,-4.854284999999999850e-01
1.132466399999999984e+00,-4.519834999999999825e-01
1.229836300000000104e+00,-2.707938999999999763e-01
1.400433299999999992e+00,-2.356962999999999975e-01
1.257480099999999990e+00,-1.433303999999999967e-01
1.236102000000000034e+00,-7.025489999999999513e-02
1.255712500000000009e+00,6.853309999999999957e-02
1.352984699999999929e+00,3.574959999999999943e-02
1.160499900000000029e+00,4.649840000000000223e-02
1.136861899999999981e+00,1.215843000000000063e-01
1.165239300000000089e+00,1.582104000000000010e-01
1.280289400000000022e+00,4.168059999999999821e-02
1.042515899999999940e+00,-9.239199999999999496e-03
8.426774000000000209e-01,-2.674549999999999844e-02
8.463831000000000548e-01,3.749460000000000293e-02
9.392042000000000446e-01,-1.918154999999999999e-01
7.780386000000000246e-01,-2.024887999999999966e-01
7.107879999999999754e-01,-1.049076000000000036e-01
8.052158000000000371e-01,4.142540000000000111e-02
8.652421000000000140e-01,-5.176300000000000345e-02
6.785299999999999665e-01,-1.037229999999999958e-01
5.865829000000000182e-01,-8.138070000000000026e-02
6.607556999999999459e-01,-1.717120000000000105e-02
7.515359999999999818e-01,-1.744903999999999900e-01
6.883432000000000439e-01,-1.506809000000000065e-01
6.936440999999999857e-01,-1.254176999999999931e-01
8.152641999999999944e-01,2.702569999999999972e-02
9.032887000000000555e-01,-1.454042999999999863e-01
8.044314000000000187e-01,-1.219120999999999955e-01
8.170281000000000349e-01,-4.793940000000000007e-02
9.573555999999999733e-01,7.226520000000000166e-02
1.049031300000000000e+00,-2.991310000000000149e-02
9.380043000000000131e-01,-1.549309999999999923e-02
8.528059000000000056e-01,2.918399999999999814e-03
9.706295000000000339e-01,1.146665999999999935e-01
1.096490500000000035e+00,1.064099999999999942e-02
1.003990299999999891e+00,7.695359999999999701e-02
9.587004000000000081e-01,1.224364000000000008e-01
9.971077000000000412e-01,1.873402999999999874e-01
1.063785999999999898e+00,6.230850000000000277e-02
9.628402999999999823e-01,1.707767000000000035e-01
9.005440999999999585e-01,3.063497000000000026e-01
1.043636299999999961e+00,5.036642000000000063e-01
1.147217500000000001e+00,4.228880999999999890e-01
1.023734300000000097e+00,4.888945000000000096e-01
1.025582800000000017e+00,5.174324000000000146e-01
1.081648799999999966e+00,6.407914000000000110e-01
1.194333000000000089e+00,5.321877000000000413e-01
1.028448000000000029e+00,5.409924999999999873e-01
9.738592999999999833e-01,5.512034000000000100e-01
1.092148399999999908e+00,6.348074999999999690e-01
1.277439599999999897e+00,5.487005000000000354e-01
1.189817300000000078e+00,5.680779000000000245e-01
1.150669200000000059e+00,6.060472000000000081e-01
1.159356199999999948e+00,7.134207000000000187e-01
1.219014000000000042e+00,5.609971999999999737e-01
1.067962199999999973e+00,5.852193999999999452e-01
9.891634000000000260e-01,6.180438000000000320e-01
1.061835899999999944e+00,7.219303999999999721e-01
1.102833699999999917e+00,5.929392999999999470e-01
8.761425000000000463e-01,5.569165999999999839e-01
8.415055000000000174e-01,5.112379000000000229e-01
9.439984999999999626e-01,5.854106999999999505e-01
1.018644000000000105e+00,4.461347999999999980e-01
8.589655000000000484e-01,3.563780999999999755e-01
8.174209000000000058e-01,2.584261999999999948e-01
8.934729999999999617e-01,2.361328000000000038e-01
1.022036399999999956e+00,1.555370000000000016e-02
8.841390000000000082e-01,2.642589999999999870e-02
8.722332000000000418e-01,1.349337999999999926e-01
8.927306000000000408e-01,1.953445000000000042e-01
9.568311000000000455e-01,-4.794960000000000194e-02
8.622406999999999710e-01,-1.433174000000000115e-01
7.991470000000000518e-01,-4.791539999999999688e-02
8.639677000000000051e-01,-9.728699999999999848e-03
8.303757000000000499e-01,-2.713891999999999971e-01
6.392387999999999959e-01,-3.584790999999999950e-01
4.273722999999999828e-01,-3.619419999999999860e-01
4.490981000000000001e-01,-2.435010999999999981e-01
5.098181000000000518e-01,-4.106415999999999955e-01
3.145413000000000237e-01,-3.367462999999999984e-01
1.446761000000000019e-01,-1.316994999999999971e-01
1.583247999999999878e-01,-1.984099999999999926e-03
3.263235999999999915e-01,-1.998161999999999994e-01
1.200465000000000004e-01,-2.869055999999999829e-01
-6.770349999999999979e-02,-2.339440999999999882e-01
9.859500000000000208e-03,-7.130119999999999514e-02
2.265861999999999876e-01,-1.561546000000000045e-01
2.790640000000000134e-02,-8.533330000000000082e-02
-1.739963999999999955e-01,8.424990000000000256e-02
-1.302298000000000067e-01,3.296530999999999767e-01
3.518249999999999850e-02,3.049273000000000122e-01
-1.460453999999999919e-01,3.542258999999999824e-01
-1.194859000000000060e-01,3.799510999999999861e-01
9.145520000000000038e-02,5.320569000000000548e-01
3.454654999999999809e-01,4.124511000000000149e-01
2.532834999999999948e-01,4.318968999999999725e-01
2.042833000000000010e-01,3.962257000000000140e-01
2.819476000000000204e-01,5.699745000000000505e-01
3.746329999999999938e-01,4.015205000000000024e-01
3.329157999999999840e-01,4.173610999999999849e-01
3.134681000000000273e-01,5.320184000000000024e-01
4.180170000000000274e-01,6.583584000000000103e-01
4.419717000000000229e-01,5.463400000000000478e-01
3.132017999999999747e-01,5.437136999999999665e-01
1.915871000000000102e-01,5.709214999999999707e-01
2.339500999999999942e-01,6.857334999999999958e-01
3.081748999999999739e-01,5.230662000000000367e-01
1.276434999999999931e-01,5.914968999999999921e-01
-5.071999999999999686e-04,6.877999000000000196e-01
2.419229999999999992e-02,7.702016000000000417e-01
6.550749999999999629e-02,5.248916000000000137e-01
-1.132221999999999951e-01,4.995624000000000176e-01
-2.739255999999999913e-01,5.721119999999999539e-01
-2.571162000000000170e-01,6.152860999999999470e-01
-1.972683000000000075e-01,4.562672999999999868e-01
-3.249349999999999739e-01,4.309942999999999969e-01
-3.559404999999999930e-01,5.133742999999999501e-01
-2.847651999999999961e-01,6.006797999999999860e-01
-5.779850000000000265e-02,4.333990999999999816e-01
-1.584193999999999880e-01,4.069953000000000043e-01
-2.626939999999999831e-01,4.213105999999999796e-01
-2.102130000000000110e-01,5.295455000000000023e-01
-2.093199999999999922e-02,3.585785000000000222e-01
-9.172840000000000160e-02,3.603544000000000191e-01
-1.231890000000000068e-01,3.735892000000000102e-01
-2.732530000000000028e-02,4.627307999999999977e-01
7.019789999999999364e-02,2.468731000000000120e-01
-1.216602999999999990e-01,2.167880000000000085e-01
-2.073017000000000054e-01,2.176870999999999945e-01
-1.972754999999999925e-01,2.750084999999999891e-01
-1.610833000000000126e-01,1.039612000000000036e-01
-3.294013000000000080e-01,7.345580000000000165e-02
-4.703581000000000012e-01,9.796420000000000128e-02
-4.548395000000000077e-01,1.687350999999999990e-01
-2.953293000000000168e-01,-7.592029999999999612e-02
-4.424802999999999931e-01,-1.026688000000000045e-01
-4.293609999999999927e-01,-7.867630000000000456e-02
-3.423250999999999933e-01,-1.588320000000000010e-02
-2.935871999999999926e-01,-2.239630999999999983e-01
-4.290040999999999993e-01,-2.497556999999999972e-01
-4.581180999999999726e-01,-1.694296999999999886e-01
-4.079058999999999879e-01,4.670660000000000089e-02
-3.309823000000000071e-01,-2.879989999999999981e-02
-4.915694999999999926e-01,3.394579999999999820e-02
-5.513510999999999829e-01,7.652090000000000281e-02
-4.502956000000000181e-01,1.847125000000000017e-01
-2.024525000000000075e-01,5.424009999999999942e-02
-3.244257999999999864e-01,-2.223309999999999870e-02
-3.379838000000000009e-01,3.841930000000000345e-02
-3.193512000000000017e-01,1.413427999999999907e-01
-3.284585999999999895e-01,-2.091720000000000038e-02
-4.688474000000000252e-01,-3.975709999999999661e-02
-4.770653000000000254e-01,4.329140000000000071e-02
-4.217698999999999754e-01,1.353726000000000096e-01
-3.110397999999999774e-01,2.738700000000000162e-02
-4.601385000000000058e-01,7.929819999999999924e-02
-5.550943999999999878e-01,2.412773000000000001e-01
-4.872973999999999917e-01,4.571733000000000047e-01
-2.834714999999999874e-01,3.329143999999999992e-01
-3.914655000000000218e-01,3.435436000000000045e-01
-4.805956000000000117e-01,3.948686000000000140e-01
-3.571828000000000225e-01,5.395271999999999846e-01
-1.771523000000000125e-01,3.110292000000000057e-01
-2.222107000000000110e-01,3.071552000000000171e-01
-2.726139000000000201e-01,4.563442999999999805e-01
-1.860356999999999983e-01,5.547279999999999989e-01
-9.503069999999999573e-02,3.647217999999999849e-01
-3.109908000000000117e-01,3.646959000000000173e-01
-4.607762000000000246e-01,4.783407000000000076e-01
-4.046976999999999935e-01,5.896692000000000045e-01
-3.037805000000000089e-01,3.477966000000000113e-01
-3.296818000000000248e-01,3.109769000000000005e-01
-3.727903000000000189e-01,3.183346000000000231e-01
-2.004296000000000133e-01,4.108736000000000055e-01
-5.116800000000000341e-03,2.618295999999999957e-01
-3.474950000000000261e-02,2.157891000000000115e-01
-8.735200000000000256e-03,1.647684000000000093e-01
1.459845999999999921e-01,2.535646999999999762e-01
3.168750000000000178e-01,1.705016000000000032e-01
2.019798999999999900e-01,1.221287999999999957e-01
1.890557999999999961e-01,1.429273000000000071e-01
2.679170000000000162e-01,2.623169000000000195e-01
4.314907000000000048e-01,5.116369999999999946e-02
2.553834999999999855e-01,6.925800000000000185e-03
2.869116999999999917e-01,5.683060000000000195e-02
4.255371000000000015e-01,1.770520999999999900e-01
6.474767000000000161e-01,-8.182499999999999496e-02
5.821344000000000518e-01,5.927860000000000074e-02
6.848562000000000261e-01,1.559307000000000054e-01
9.162354999999999805e-01,3.447751000000000010e-01
1.268088899999999963e+00,1.077713000000000004e-01
1.142576899999999895e+00,1.334198000000000051e-01
1.024002400000000090e+00,2.577624000000000026e-01
1.085715200000000102e+00,5.166058999999999513e-01
1.129950599999999916e+00,5.342875999999999737e-01
9.339526999999999690e-01,6.669524999999999482e-01
7.797273000000000120e-01,8.014921999999999880e-01
7.959762000000000226e-01,9.944517999999999969e-01
8.582807000000000075e-01,8.234261999999999970e-01
6.564396999999999593e-01,9.127507999999999733e-01
5.252204999999999790e-01,1.118007100000000031e+00
4.582683000000000173e-01,1.335822700000000030e+00
3.993879000000000179e-01,1.312627100000000047e+00
1.226923000000000041e-01,1.431624100000000066e+00
-5.631579999999999919e-02,1.607210900000000109e+00
-1.262270000000000059e-02,1.762198099999999990e+00
-5.672760000000000302e-02,1.785571599999999926e+00
-1.837025999999999937e-01,1.744949800000000106e+00
-3.310398999999999980e-01,1.882676400000000028e+00
-3.318905999999999801e-01,1.979806100000000013e+00
-4.252803000000000000e-01,1.877266600000000007e+00
-6.346675000000000511e-01,1.823262299999999891e+00
-7.216565999999999814e-01,1.956106799999999923e+00
-6.975276000000000254e-01,1.977941500000000019e+00
-7.467890999999999835e-01,1.868648099999999923e+00
-9.837036999999999587e-01,1.789128800000000075e+00
-1.212418599999999902e+00,1.868901700000000110e+00
-1.285389799999999916e+00,1.843902300000000105e+00
-1.326959800000000023e+00,1.556363500000000011e+00
-1.578985599999999989e+00,1.384105099999999977e+00
-1.743023500000000059e+00,1.457683300000000015e+00
-1.812287900000000063e+00,1.463123600000000080e+00
-1.833600499999999967e+00,1.269797199999999959e+00
-1.987426499999999985e+00,1.123190799999999934e+00
-2.058345099999999928e+00,1.031802399999999897e+00
-2.040640100000000068e+00,1.005102399999999951e+00
-1.956293199999999954e+00,8.281281999999999810e-01
-2.094150500000000026e+00,6.809167999999999887e-01
-2.108441800000000033e+00,4.779761000000000148e-01
-2.031785199999999847e+00,4.918383000000000060e-01
-1.843570099999999989e+00,3.300785999999999998e-01
-1.864561200000000030e+00,2.396606000000000014e-01
-1.792169099999999959e+00,1.715695000000000137e-01
-1.684815900000000033e+00,2.568982000000000210e-01
-1.570183399999999896e+00,2.781540000000000054e-02
-1.659929500000000058e+00,-1.065944000000000058e-01
-1.654636900000000077e+00,-1.255931999999999882e-01
-1.652673499999999907e+00,-2.813579999999999900e-02
-1.534950700000000001e+00,-2.094609000000000054e-01
-1.663257200000000102e+00,-3.132699999999999929e-01
-1.747142200000000090e+00,-2.403222000000000136e-01
-1.697898399999999919e+00,-2.225514000000000103e-01
-1.615515199999999929e+00,-5.731273000000000062e-01
-1.774621999999999922e+00,-6.970589999999999842e-01
-1.751225500000000102e+00,-6.975723999999999814e-01
-1.631115400000000104e+00,-6.517058000000000018e-01
-1.437781799999999999e+00,-8.303536000000000250e-01
-1.463716500000000087e+00,-8.838816000000000450e-01
-1.492422200000000032e+00,-8.304357999999999462e-01
-1.361548800000000004e+00,-7.792630999999999863e-01
-1.170969499999999996e+00,-9.860923000000000327e-01
-1.200158199999999953e+00,-1.055750600000000095e+00
-1.171703699999999904e+00,-1.041469900000000059e+00
-1.009553700000000109e+00,-9.062348999999999544e-01
-8.672946999999999740e-01,-1.049905899999999948e+00
-7.923879999999999812e-01,-1.093441200000000002e+00
-7.466099000000000485e-01,-1.019162899999999983e+00
-5.720572000000000434e-01,-9.441100000000000048e-01
-3.838218999999999936e-01,-1.034245400000000092e+00
-3.976780999999999788e-01,-9.993313000000000335e-01
-4.216170000000000195e-01,-9.194582000000000033e-01
-2.434052999999999911e-01,-8.680291999999999453e-01
-1.460996999999999990e-01,-1.069104999999999972e+00
-2.577192999999999845e-01,-1.012508500000000033e+00
-2.384216000000000113e-01,-8.665268000000000415e-01
-1.201871999999999940e-01,-7.293216000000000143e-01
1.988639999999999852e-02,-8.599284999999999846e-01
-9.385459999999999636e-02,-8.286067999999999767e-01
-1.236258999999999969e-01,-6.538175999999999988e-01
-4.136279999999999818e-02,-5.083872000000000391e-01
1.019740000000000056e-02,-6.389494999999999481e-01
-4.357369999999999993e-02,-6.845284000000000368e-01
-3.464890000000000331e-02,-6.911496999999999780e-01
6.868259999999999643e-02,-6.707923000000000080e-01
1.839171000000000000e-01,-8.434947000000000417e-01
1.733639999999999834e-02,-8.901063999999999643e-01
4.578440000000000287e-02,-9.130732000000000292e-01
1.575809999999999989e-01,-8.259792999999999719e-01
3.484155999999999920e-01,-9.550269999999999593e-01
2.412863000000000091e-01,-8.951613000000000486e-01
2.792782999999999793e-01,-8.066341000000000205e-01
3.180441999999999991e-01,-6.562721000000000249e-01
4.033799000000000134e-01,-7.123863000000000278e-01
2.662719000000000058e-01,-6.083574000000000481e-01
2.447358000000000033e-01,-4.100349999999999828e-01
2.952177999999999747e-01,-2.573287000000000213e-01
3.468145000000000255e-01,-3.764930000000000221e-01
1.632023999999999975e-01,-3.765953000000000217e-01
7.185699999999999726e-03,-2.396317000000000030e-01
-3.518700000000000300e-02,-1.609516000000000002e-01
-1.036805999999999978e-01,-2.975336000000000092e-01
-3.026402000000000259e-01,-3.369478000000000195e-01
-3.560836000000000001e-01,-2.227361999999999953e-01
-3.433728999999999809e-01,-7.099220000000000530e-02
-2.828984999999999972e-01,-4.896330000000000127e-02
-4.790591000000000155e-01,-1.604689999999999936e-02
-6.373235999999999901e-01,7.960899999999999921e-02
-6.640386000000000344e-01,8.027170000000000138e-02
-5.542289999999999717e-01,-1.030501000000000056e-01
-7.436933999999999489e-01,-1.936800999999999939e-01
-8.968452000000000091e-01,-1.410907999999999884e-01
-8.800337000000000298e-01,-7.126649999999999652e-02
-8.134616999999999543e-01,-2.829517999999999756e-01
-8.607496999999999510e-01,-3.450818999999999970e-01
-8.103069000000000521e-01,-2.037403999999999882e-01
-7.296418999999999544e-01,-1.806776999999999966e-01
-6.730207000000000273e-01,-3.661098999999999881e-01
-7.782995999999999803e-01,-4.472439000000000275e-01
-6.836394000000000082e-01,-3.116311999999999971e-01
-6.457389999999999519e-01,-2.369024999999999881e-01
-5.524185999999999819e-01,-4.020322000000000062e-01
-6.683945999999999499e-01,-4.204695999999999989e-01
-5.765453999999999857e-01,-3.216635999999999940e-01
-4.802254000000000245e-01,-3.241741000000000206e-01
-3.840435999999999850e-01,-4.813083000000000222e-01
-4.889281999999999795e-01,-5.286731000000000069e-01
-5.011248999999999842e-01,-5.428136999999999546e-01
-4.740711000000000230e-01,-5.196557000000000537e-01
-4.134727999999999737e-01,-6.885559999999999459e-01
-5.523373000000000310e-01,-7.150292000000000314e-01
-4.328777999999999793e-01,-5.541369000000000433e-01
-2.597188000000000274e-01,-4.705255999999999883e-01
-1.493761999999999868e-01,-6.029984999999999928e-01
-1.521665000000000101e-01,-6.644079999999999986e-01
3.332340000000000302e-02,-6.001049999999999995e-01
1.553935999999999928e-01,-4.739446999999999965e-01
3.005763000000000185e-01,-6.044490999999999614e-01
3.029171999999999976e-01,-5.943524999999999503e-01
3.217484999999999928e-01,-4.209260000000000224e-01
5.043299999999999450e-01,-3.267489000000000088e-01
6.394305000000000128e-01,-3.905653000000000041e-01
6.355296000000000278e-01,-3.557186999999999988e-01
7.129170000000000229e-01,-1.616076999999999930e-01
7.580054000000000514e-01,-8.565830000000000666e-02
7.567920999999999676e-01,-1.820645999999999931e-01
6.010366999999999793e-01,-2.619773000000000240e-01
4.664105000000000056e-01,-2.319336999999999926e-01
4.059723000000000082e-01,-8.181280000000000496e-02
4.343531999999999949e-01,-1.593411999999999884e-01
2.984207999999999861e-01,-1.569971000000000005e-01
2.538444000000000256e-01,-6.062569999999999765e-02
2.028025999999999995e-01,7.172099999999999830e-03
1.815663000000000138e-01,-1.352240000000000039e-02
6.951540000000000497e-02,-4.308970000000000161e-02
-6.615199999999999900e-03,-4.336219999999999658e-02
1.403450000000000010e-02,-2.028260000000000132e-02
5.721829999999999972e-02,-1.885793000000000053e-01
-5.309939999999999799e-02,-1.713089999999999891e-01
-1.772719000000000100e-01,7.985559999999999881e-02
-1.080457999999999974e-01,1.656718000000000079e-01
2.563580000000000025e-02,7.559760000000000091e-02
-1.137014999999999970e-01,5.238000000000000295e-02
-1.691197999999999868e-01,1.572060999999999875e-01
-9.046110000000000262e-02,1.778436999999999935e-01
-2.276989999999999917e-02,-1.636090000000000114e-02
-6.563879999999999715e-02,1.630420000000000133e-02
-7.256410000000000637e-02,1.278528999999999916e-01
1.077450999999999964e-01,1.681722999999999968e-01
2.277540999999999871e-01,7.149600000000000399e-02
1.430311999999999972e-01,8.566440000000000166e-02
2.238688000000000067e-01,2.410796000000000050e-01
3.583358999999999850e-01,3.308767000000000236e-01
3.305470999999999826e-01,2.308891000000000138e-01
2.075879999999999947e-01,2.533220999999999945e-01
2.537201000000000040e-01,4.167008999999999852e-01
2.163495000000000001e-01,4.693725000000000258e-01
2.448255000000000015e-01,3.742513000000000090e-01
1.133982000000000046e-01,3.996663999999999772e-01
1.000314000000000064e-01,6.275714999999999488e-01
2.122262000000000037e-01,7.283724999999999783e-01
2.740909000000000262e-01,6.964017000000000124e-01
2.347793999999999992e-01,6.843169000000000057e-01
2.130544000000000049e-01,7.392786999999999553e-01
3.262321000000000248e-01,7.132074999999999942e-01
4.064847999999999795e-01,5.587632000000000154e-01
3.983768999999999783e-01,5.803418999999999661e-01
3.908475000000000144e-01,7.039248000000000172e-01
4.640882000000000063e-01,7.132994000000000279e-01
5.551236000000000503e-01,5.800018000000000118e-01
4.717990000000000239e-01,5.049196999999999713e-01
4.911694999999999811e-01,6.648231000000000002e-01
5.571308999999999845e-01,6.749300000000000299e-01
5.671194000000000512e-01,4.958601999999999732e-01
3.984451999999999994e-01,3.982960999999999863e-01
3.567135000000000167e-01,5.025591000000000363e-01
4.001412999999999776e-01,5.069215000000000249e-01
5.209466000000000374e-01,4.377728000000000175e-01
4.157824999999999993e-01,4.289956999999999798e-01
4.107548999999999784e-01,5.723116000000000314e-01
3.629326999999999970e-01,6.316891999999999507e-01
4.232113000000000125e-01,4.306520999999999821e-01
2.079721999999999960e-01,2.956413999999999986e-01
2.252593999999999985e-01,3.350076000000000165e-01
2.332638999999999962e-01,3.233056000000000263e-01
3.013018000000000085e-01,1.676687000000000038e-01
2.697090999999999794e-01,1.325589000000000073e-01
3.461546999999999819e-01,2.383662000000000003e-01
4.119373000000000062e-01,3.279442000000000190e-01
5.250934000000000434e-01,2.066417999999999866e-01
3.457440999999999987e-01,2.465566999999999898e-01
2.841929000000000261e-01,4.460112999999999994e-01
2.938416999999999835e-01,5.471346999999999738e-01
4.205145000000000133e-01,3.899843000000000059e-01
3.319439000000000140e-01,3.244569999999999954e-01
3.666703000000000046e-01,3.688116000000000172e-01
3.927065000000000139e-01,4.036892000000000258e-01
2.938081000000000165e-01,2.444466000000000139e-01
-1.011153999999999942e-01,1.177016000000000034e-01
-2.855496000000000145e-01,1.015139000000000041e-01
-3.146377000000000201e-01,4.556620000000000115e-02
-2.072112000000000120e-01,-1.785211999999999910e-01
-3.254752000000000201e-01,-1.934877999999999876e-01
-2.663407999999999887e-01,-1.721602999999999883e-01
-1.788133000000000083e-01,-1.931908999999999987e-01
-1.521670999999999996e-01,-4.697006000000000236e-01
-3.442545000000000188e-01,-5.682342000000000226e-01
-4.362667000000000073e-01,-6.461850000000000094e-01
-3.882360999999999729e-01,-7.250385000000000302e-01
-3.723202999999999929e-01,-1.036104200000000031e+00
-5.286176999999999682e-01,-1.057422899999999943e+00
-4.312691000000000163e-01,-9.972143999999999453e-01
-3.600820000000000132e-01,-9.508191999999999755e-01
-3.103284000000000042e-01,-1.172981400000000063e+00
-3.986869000000000107e-01,-1.241321799999999920e+00
-4.039241000000000081e-01,-1.180924400000000096e+00
-2.323157999999999890e-01,-1.053500199999999998e+00
-1.075862999999999958e-01,-1.083209899999999948e+00
-2.429299000000000042e-01,-9.774196000000000550e-01
-2.202695000000000070e-01,-8.451092999999999522e-01
-1.121752000000000027e-01,-6.454663000000000483e-01
1.032729999999999933e-02,-5.473103999999999747e-01
-7.103599999999999845e-03,-5.350679000000000407e-01
7.232500000000000040e-02,-5.036119000000000012e-01
1.992752000000000134e-01,-4.332174999999999776e-01
2.339298999999999962e-01,-6.373626999999999487e-01
1.016722000000000042e-01,-5.831047999999999787e-01
9.262929999999999775e-02,-3.281046000000000240e-01
1.681934999999999958e-01,-1.205183999999999978e-01
2.100624000000000102e-01,-2.154517999999999989e-01
1.933993999999999991e-01,-1.245108000000000048e-01
1.981815000000000104e-01,2.897790000000000088e-02
2.754539999999999766e-01,1.345844999999999958e-01
3.274284000000000083e-01,1.657809999999999839e-02
2.315870999999999902e-01,2.237530000000000074e-02
2.054172999999999971e-01,7.799649999999999639e-02
2.341864999999999919e-01,1.492030000000000023e-01
3.819482000000000155e-01,8.589330000000000576e-02
3.142671000000000214e-01,8.029859999999999776e-02
3.883199999999999985e-01,1.698781000000000041e-01
5.572019999999999751e-01,2.257678999999999936e-01
6.680462999999999818e-01,1.032021000000000049e-01
6.642154999999999587e-01,3.886989999999999890e-02
6.988005999999999940e-01,1.271776000000000018e-01
9.440914000000000250e-01,1.425299999999999900e-01
1.175526400000000082e+00,-9.767359999999999931e-02
1.060688700000000040e+00,-9.536970000000000169e-02
1.017492400000000075e+00,-3.013820000000000041e-02
1.084744799999999953e+00,1.187993999999999994e-01
1.140885600000000055e+00,-3.118479999999999863e-02
9.819649999999999768e-01,8.814199999999999813e-02
8.647685000000000510e-01,4.256306999999999729e-01
8.449016000000000304e-01,5.394790999999999892e-01
8.674036999999999997e-01,4.431592999999999782e-01
6.710753000000000412e-01,4.498650000000000149e-01
6.149103999999999681e-01,5.722034999999999760e-01
5.375552999999999582e-01,6.396859999999999769e-01
4.571442000000000005e-01,3.507911000000000223e-01
2.689735999999999794e-01,2.767084000000000210e-01
1.370350999999999930e-01,4.431601000000000012e-01
2.148999999999999869e-02,4.981767999999999752e-01
-2.895769999999999941e-02,4.029480999999999757e-01
